w_throughput,w_fairness,w_smoothness,throughput,variance,stops
0.5661058346568135,0.1587091541542009,0.2751850111889856,1050.0,10.297459218347965,14655.0
0.3570898682003833,0.2629371702279532,0.37997296157166344,1059.0,12.597866083815196,14676.0
0.4571977278912123,0.32688504518226236,0.2159172269265254,1039.0,10.8725,14400.0
0.44253593375930955,0.23162413464798473,0.3258399315927058,1052.0,11.6235769375,15113.0
0.4586759050709048,0.32772783270694944,0.2135962622221457,1045.0,11.340193750000001,14570.0
0.5482777276063018,0.22469999839097002,0.22702227400272815,1046.0,11.8635549375,14489.0
0.6187199146006964,0.11349263319711735,0.26778745220218636,1057.0,12.526319221845863,15240.0
