w_throughput,w_fairness,w_smoothness,throughput,variance,stops
0.6885522909134334,0.025618123015362787,0.2858295860712037,1052.0,11.120578714591183,14436.0
0.5858009097168606,0.19685302211400796,0.2173460681691314,1061.0,11.262297962921712,14680.0
0.4615468875838876,0.11662333939903734,0.421829773017075,1045.0,10.422424937500002,14601.0
0.7109184341169256,0.06258879963061359,0.22649276625246095,1043.0,12.16678775,14414.0
